id,label,Elevation,Aspect,Slope
1,R1,2660,333,6
2,R2,3153,301,20
3,R3,2742,91,12
4,R4,3170,56,16
5,R5,2720,135,2
6,R6,3244,225,12
7,R7,3221,285,16
8,R8,2713,71,12
9,R9,3127,306,11
10,R10,2006,79,16
11,R11,3061,18,2
12,R12,2873,101,21
13,R13,2934,26,16
14,R14,3207,115,4
15,R15,3313,331,6
16,R16,3414,202,11
17,R17,3256,185,13
18,R18,3024,357,5
19,R19,2513,56,7
20,R20,3093,150,13
21,R21,2820,60,19
22,R22,2840,14,6
23,R23,2915,70,13
24,R24,3047,184,14
25,R25,2988,217,12
26,R26,3000,300,18
27,R27,3060,170,20
28,R28,2990,180,20
29,R29,2066,96,35
30,R30,3362,288,12
31,R31,2628,104,16
32,R32,3046,352,9
33,R33,2910,27,8
34,R34,3245,240,20
35,R35,2845,88,24
36,R36,3108,272,13
37,R37,3084,18,6
38,R38,3152,45,8
39,R39,2958,125,21
40,R40,2860,86,6
41,R41,3031,103,41
42,R42,2646,47,15
43,R43,2867,24,16
44,R44,2889,348,16
45,R45,3265,90,1
46,R46,2949,356,7
47,R47,2541,181,11
48,R48,3057,8,11
49,R49,3142,65,12
50,R50,2818,339,17
51,R51,3171,301,8
52,R52,2608,207,8
53,R53,2665,78,15
54,R54,2766,247,20
55,R55,2365,208,15
56,R56,2633,207,31
57,R57,2675,99,20
58,R58,3481,158,28
59,R59,2991,145,8
60,R60,2841,311,26
61,R61,2992,214,2
62,R62,2677,299,29
63,R63,3230,45,3
64,R64,2896,284,12
65,R65,3262,135,7
66,R66,2716,87,13
67,R67,1926,41,38
68,R68,3051,137,19
69,R69,3162,325,10
70,R70,2368,66,18
71,R71,3240,314,18
72,R72,2906,128,3
73,R73,2906,138,7
74,R74,2569,129,10
75,R75,3214,6,2
76,R76,2745,40,24
77,R77,2642,22,4
78,R78,3254,238,6
79,R79,3216,155,19
80,R80,3068,337,9
81,R81,3040,47,15
82,R82,2781,191,15
83,R83,2784,161,20
84,R84,3415,41,17
85,R85,2724,19,22
86,R86,2324,318,19
87,R87,3019,74,22
88,R88,3144,61,19
89,R89,3293,50,18
90,R90,3095,242,13
91,R91,2554,165,21
92,R92,3390,77,13
93,R93,3018,343,10
94,R94,2702,106,4
95,R95,3075,141,18
96,R96,3178,72,13
97,R97,3166,132,18
98,R98,3189,66,8
99,R99,3181,60,14
100,R100,2801,32,18
101,R101,3011,281,10
102,R102,3246,291,15
103,R103,2717,243,4
104,R104,2701,207,29
105,R105,2722,35,8
106,R106,3234,179,20
107,R107,3041,108,26
108,R108,2936,0,0
109,R109,2991,86,11
110,R110,3200,129,15
111,R111,2863,68,12
112,R112,3237,17,13
113,R113,3017,152,12
114,R114,2968,334,21
115,R115,3330,13,8
116,R116,3126,185,17
117,R117,3151,243,14
118,R118,3288,319,15
119,R119,3011,295,11
120,R120,2386,293,21
121,R121,2988,14,21
122,R122,2127,347,15
123,R123,2922,176,10
124,R124,2991,209,24
125,R125,2308,126,9
126,R126,2952,109,10
127,R127,3109,86,10
128,R128,3235,146,7
129,R129,3089,57,8
130,R130,2945,74,8
131,R131,3246,180,6
132,R132,2909,152,25
133,R133,3266,86,12
134,R134,2854,149,18
135,R135,2111,211,14
136,R136,2785,259,30
137,R137,3029,68,4
138,R138,3014,72,18
139,R139,3164,295,14
140,R140,2654,350,15
141,R141,3143,51,6
142,R142,3149,21,9
143,R143,2960,343,11
144,R144,3066,18,6
145,R145,3028,240,14
146,R146,2748,166,24
147,R147,2450,104,19
148,R148,3085,348,6
149,R149,3414,63,23
150,R150,2087,95,31
151,R151,2856,58,13
152,R152,2529,193,17
153,R153,2970,33,23
154,R154,2766,173,6
155,R155,3278,276,13
156,R156,3251,131,22
157,R157,3190,3,17
158,R158,3244,347,17
159,R159,2857,196,29
160,R160,2949,275,8
161,R161,3013,301,28
162,R162,3197,71,13
163,R163,2852,75,8
164,R164,2764,132,12
165,R165,2656,27,13
166,R166,3259,48,11
167,R167,3031,147,16
168,R168,3353,84,7
169,R169,2124,304,11
170,R170,3194,337,11
171,R171,2612,16,19
172,R172,2369,326,27
173,R173,2461,71,19
174,R174,3324,0,16
175,R175,3417,212,9
176,R176,2669,229,34
177,R177,3133,283,27
178,R178,2972,29,6
179,R179,3184,346,2
180,R180,2830,123,19
181,R181,2982,84,9
182,R182,3127,56,19
183,R183,2822,87,14
184,R184,2303,50,21
185,R185,2959,77,12
186,R186,2958,82,13
187,R187,2765,92,9
188,R188,3031,315,11
189,R189,2926,31,7
190,R190,3044,97,16
191,R191,3193,94,4
192,R192,2945,259,13
193,R193,2211,97,38
194,R194,3199,48,7
195,R195,2995,135,10
196,R196,3006,353,18
197,R197,3193,127,15
198,R198,2671,333,4
199,R199,2807,214,14
200,R200,2924,306,25
201,R201,3004,174,7
202,R202,3078,304,27
203,R203,2684,3,13
204,R204,2637,299,11
205,R205,3389,312,12
206,R206,2886,108,18
207,R207,2751,144,24
208,R208,2628,36,6
209,R209,2752,9,14
210,R210,3049,129,6
211,R211,2971,70,7
212,R212,2784,236,24
213,R213,2946,196,12
214,R214,3108,356,18
215,R215,2913,88,32
216,R216,2841,307,10
217,R217,3052,104,8
218,R218,2675,332,25
219,R219,3208,299,19
220,R220,2956,323,14
221,R221,2749,140,12
222,R222,3175,320,7
223,R223,2705,228,38
224,R224,3064,177,10
225,R225,3123,52,19
226,R226,3061,84,2
227,R227,3171,17,15
228,R228,2774,332,27
229,R229,3139,357,26
230,R230,2697,38,8
231,R231,2959,107,13
232,R232,3305,7,14
233,R233,3081,188,7
234,R234,2982,358,12
235,R235,3245,276,21
236,R236,2968,63,8
237,R237,3078,330,16
238,R238,2876,63,17
239,R239,3143,0,7
240,R240,2915,42,7
241,R241,2770,196,20
242,R242,2873,86,15
243,R243,3071,251,9
244,R244,3299,19,11
245,R245,3019,131,10
246,R246,2653,9,21
247,R247,2978,94,4
248,R248,3155,74,8
249,R249,3082,322,3
250,R250,2886,324,2
251,R251,3044,58,3
252,R252,3015,337,2
253,R253,3272,24,15
254,R254,3246,8,8
255,R255,2873,318,30
256,R256,2933,31,18
257,R257,2918,315,22
258,R258,2306,303,14
259,R259,3116,59,12
260,R260,2910,333,17
261,R261,3187,101,4
262,R262,2851,41,5
263,R263,2968,28,11
264,R264,2518,132,26
265,R265,2894,213,34
266,R266,3178,297,7
267,R267,2789,109,16
268,R268,2906,139,9
269,R269,3242,284,9
270,R270,3160,144,4
271,R271,2962,59,11
272,R272,3179,329,6
273,R273,3026,56,5
274,R274,2232,321,27
275,R275,2982,78,15
276,R276,2960,32,22
277,R277,3229,357,15
278,R278,2941,58,3
279,R279,2926,321,19
280,R280,2644,59,28
281,R281,2629,66,6
282,R282,3236,37,17
283,R283,2830,88,7
284,R284,2640,105,15
285,R285,2112,336,22
286,R286,2592,42,13
287,R287,2631,53,15
288,R288,1986,119,32
289,R289,3006,0,4
290,R290,3292,87,12
291,R291,3041,22,3
292,R292,3236,6,12
293,R293,3211,42,7
294,R294,3204,335,17
295,R295,3093,51,16
296,R296,2759,38,6
297,R297,2684,153,16
298,R298,2928,72,5
299,R299,3001,28,10
300,R300,2973,338,13
301,R301,3006,345,7
302,R302,2382,329,15
303,R303,2654,247,28
304,R304,2942,248,16
305,R305,2871,121,16
306,R306,2641,138,18
307,R307,3138,344,25
308,R308,3274,30,15
309,R309,3262,88,24
310,R310,3179,9,7
311,R311,2894,224,24
312,R312,2595,22,8
313,R313,1979,153,13
314,R314,3051,29,13
315,R315,2788,27,10
316,R316,2675,231,35
317,R317,3059,164,13
318,R318,3263,287,14
319,R319,2867,61,18
320,R320,3420,295,12
321,R321,3014,87,28
322,R322,2942,27,3
323,R323,2284,339,34
324,R324,2965,1,10
325,R325,3153,73,5
326,R326,2919,66,13
327,R327,3048,323,19
328,R328,3044,45,8
329,R329,3037,150,9
330,R330,2474,202,7
331,R331,3265,262,2
332,R332,2389,60,19
333,R333,3035,104,12
334,R334,3127,349,19
335,R335,3031,318,17
336,R336,3165,37,30
337,R337,3229,204,16
338,R338,3029,318,18
339,R339,2907,31,14
340,R340,2887,221,36
341,R341,3326,252,10
342,R342,2900,100,11
343,R343,2849,114,9
344,R344,3383,96,19
345,R345,3104,16,8
346,R346,3143,53,5
347,R347,3299,322,12
348,R348,2823,50,7
349,R349,2856,70,10
350,R350,3213,231,3
351,R351,3164,109,9
352,R352,2711,68,8
353,R353,3112,158,32
354,R354,2977,55,11
355,R355,3245,130,12
356,R356,2673,114,14
357,R357,2514,30,14
358,R358,3251,81,6
359,R359,3256,4,10
360,R360,2947,105,14
361,R361,3263,216,21
362,R362,2799,84,25
363,R363,3082,140,8
364,R364,2919,72,13
365,R365,2759,194,19
366,R366,3106,66,6
367,R367,2871,144,7
368,R368,2865,119,29
369,R369,2917,176,16
370,R370,3148,5,9
371,R371,2117,350,14
372,R372,3066,151,19
373,R373,2604,163,6
374,R374,2961,45,13
375,R375,3035,239,12
376,R376,3025,335,9
377,R377,2657,12,13
378,R378,2700,248,32
379,R379,2507,266,16
380,R380,3116,63,2
381,R381,2318,306,13
382,R382,3137,188,2
383,R383,2688,92,7
384,R384,3075,336,14
385,R385,3021,227,16
386,R386,3165,122,17
387,R387,3114,331,2
388,R388,2660,228,33
389,R389,2751,26,13
390,R390,2497,355,8
391,R391,3234,259,20
392,R392,3011,53,12
393,R393,3233,317,9
394,R394,2885,86,30
395,R395,3248,138,14
396,R396,3222,67,10
397,R397,3136,153,3
398,R398,2875,331,15
399,R399,3291,139,19
400,R400,2905,104,15
401,R401,3294,315,11
402,R402,2932,158,11
403,R403,2869,210,10
404,R404,2829,228,23
405,R405,2945,301,4
406,R406,3006,277,19
407,R407,2868,33,19
408,R408,2711,27,7
409,R409,3043,65,4
410,R410,2544,125,17
411,R411,2959,130,12
412,R412,3069,42,6
413,R413,3186,113,18
414,R414,2982,315,1
415,R415,3313,347,16
416,R416,3189,333,20
417,R417,2227,342,26
418,R418,2900,2,22
419,R419,2484,324,21
420,R420,2896,170,11
421,R421,2936,62,14
422,R422,3149,156,17
423,R423,3464,71,35
424,R424,2653,134,17
425,R425,3103,1,14
426,R426,3027,245,20
427,R427,2675,58,16
428,R428,3156,220,18
429,R429,3035,100,7
430,R430,2882,357,15
431,R431,3401,140,8
432,R432,2879,53,12
433,R433,3114,28,23
434,R434,2982,350,14
435,R435,3143,273,12
436,R436,2650,37,21
437,R437,3391,81,12
438,R438,2584,12,26
439,R439,3100,131,15
440,R440,2796,27,6
441,R441,3107,223,22
442,R442,2652,2,22
443,R443,3102,117,5
444,R444,2704,108,12
445,R445,3077,69,20
446,R446,3209,338,9
447,R447,2503,324,17
448,R448,3126,280,11
449,R449,3316,66,10
450,R450,2519,48,20
451,R451,3204,145,4
452,R452,2979,42,7
453,R453,2697,54,16
454,R454,3171,91,10
455,R455,2505,98,14
456,R456,3253,212,3
457,R457,3178,82,7
458,R458,3064,66,17
459,R459,2553,316,26
460,R460,3166,195,13
461,R461,3157,63,6
462,R462,2876,45,8
463,R463,2378,321,30
464,R464,3053,1,14
465,R465,3303,259,23
466,R466,2224,331,14
467,R467,3187,22,5
468,R468,2978,101,2
469,R469,3190,121,12
470,R470,2912,59,12
471,R471,3085,1,31
472,R472,2827,36,11
473,R473,3080,41,5
474,R474,2983,53,20
475,R475,3204,199,10
476,R476,2445,60,31
477,R477,2982,137,10
478,R478,3029,170,4
479,R479,3360,327,13
480,R480,2863,37,14
481,R481,2638,359,16
482,R482,3047,90,1
483,R483,2909,319,5
484,R484,2802,63,29
485,R485,3056,50,19
486,R486,3282,276,13
487,R487,2305,63,22
488,R488,2784,25,11
489,R489,3071,98,14
490,R490,3006,279,7
491,R491,3028,10,4
492,R492,2845,266,20
493,R493,3155,79,17
494,R494,2938,109,24
495,R495,3081,184,12
496,R496,3169,284,8
497,R497,2261,263,13
498,R498,2677,128,19
499,R499,3449,223,29
500,R500,3110,61,25
501,R501,2952,173,21
502,R502,2986,167,12
503,R503,3248,56,16
504,R504,3140,331,24
505,R505,2521,113,14
506,R506,3303,344,26
507,R507,3004,306,6
508,R508,3118,110,19
509,R509,3141,29,2
510,R510,3054,99,22
511,R511,2309,46,29
512,R512,3217,39,16
513,R513,2932,77,4
514,R514,2739,85,22
515,R515,2927,197,14
516,R516,2715,337,8
517,R517,3157,6,20
518,R518,3258,206,12
519,R519,3385,203,12
520,R520,3038,122,9
521,R521,3063,209,8
522,R522,2695,222,26
523,R523,2838,150,11
524,R524,2937,30,7
525,R525,3084,138,7
526,R526,2756,79,14
527,R527,3113,128,29
528,R528,2948,0,9
529,R529,2717,333,23
530,R530,3212,21,23
531,R531,2904,117,7
532,R532,2710,45,9
533,R533,2334,288,29
534,R534,3201,298,9
535,R535,3057,45,16
536,R536,2993,287,6
537,R537,3283,312,6
538,R538,3259,305,24
539,R539,2774,235,13
540,R540,2897,76,8
541,R541,2715,117,2
542,R542,3015,237,20
543,R543,3252,87,9
544,R544,3027,324,8
545,R545,3077,40,23
546,R546,2887,27,16
547,R547,3028,120,7
548,R548,3115,166,11
549,R549,3242,63,8
550,R550,3052,86,6
551,R551,2772,41,10
552,R552,3205,156,11
553,R553,3208,37,14
554,R554,2943,102,19
555,R555,2532,13,4
556,R556,2807,130,7
557,R557,3038,81,6
558,R558,2871,333,11
559,R559,3233,322,8
560,R560,3098,287,22
561,R561,2858,135,7
562,R562,3330,138,16
563,R563,2896,158,8
564,R564,3053,148,13
565,R565,3293,48,13
566,R566,3102,184,21
567,R567,2733,79,12
568,R568,2985,322,8
569,R569,2997,99,10
570,R570,2281,107,15
571,R571,2942,107,17
572,R572,3029,347,22
573,R573,2883,285,14
574,R574,3506,126,4
575,R575,2854,351,21
576,R576,3376,299,14
577,R577,3011,70,13
578,R578,2995,121,21
579,R579,3141,94,15
580,R580,2972,109,9
581,R581,3123,248,9
582,R582,3014,173,22
583,R583,3410,177,14
584,R584,2804,27,13
585,R585,3237,341,10
586,R586,2537,254,27
587,R587,3254,61,10
588,R588,2800,230,33
589,R589,2346,274,26
590,R590,3268,41,11
591,R591,3264,342,21
592,R592,3089,42,23
593,R593,2917,77,3
594,R594,3034,115,10
595,R595,3108,350,20
596,R596,3250,24,9
597,R597,3029,64,15
598,R598,2820,75,16
599,R599,2081,58,33
600,R600,3308,19,14
601,R601,3181,207,9
602,R602,2907,101,18
603,R603,2964,311,18
604,R604,2613,58,6
605,R605,3244,63,8
606,R606,3110,210,9
607,R607,3139,45,14
608,R608,3011,18,1
609,R609,2915,297,29
610,R610,3110,135,19
611,R611,3285,290,18
612,R612,3123,358,23
613,R613,3132,134,16
614,R614,3100,143,14
615,R615,2793,106,13
616,R616,3189,165,32
617,R617,2635,332,25
618,R618,2674,99,33
619,R619,2486,236,16
620,R620,2707,16,14
621,R621,3325,175,39
622,R622,2981,51,23
623,R623,3284,0,2
624,R624,2188,23,30
625,R625,2900,32,6
626,R626,3024,135,7
627,R627,3134,252,3
628,R628,2349,275,22
629,R629,3082,108,36
630,R630,3283,16,16
631,R631,3241,31,16
632,R632,2976,66,25
633,R633,2724,324,15
634,R634,2848,11,10
635,R635,2697,107,24
636,R636,3192,281,11
637,R637,3150,176,13
638,R638,3136,14,12
639,R639,2932,33,16
640,R640,3376,336,13
641,R641,3009,14,11
642,R642,3224,346,8
643,R643,3227,285,19
644,R644,2999,45,1
645,R645,3131,59,17
646,R646,3105,36,13
647,R647,3109,162,25
648,R648,3078,96,9
649,R649,3168,356,4
650,R650,3211,34,27
651,R651,2868,103,15
652,R652,2092,307,9
653,R653,2841,120,24
654,R654,2691,317,12
655,R655,2655,43,12
656,R656,2928,317,12
657,R657,3221,14,21
658,R658,2667,31,24
659,R659,3500,314,13
660,R660,3198,73,19
661,R661,2466,43,19
662,R662,3131,252,12
663,R663,2826,106,20
664,R664,2643,39,10
665,R665,3061,111,7
666,R666,2866,139,10
667,R667,3080,36,20
668,R668,2799,331,12
669,R669,2909,256,4
670,R670,3058,32,13
671,R671,2986,69,13
672,R672,2882,219,36
673,R673,3175,71,9
674,R674,3128,76,6
675,R675,3062,6,10
676,R676,2936,309,14
677,R677,2887,34,15
678,R678,3092,167,3
679,R679,2959,109,14
680,R680,2877,19,19
681,R681,2727,25,17
682,R682,2947,208,20
683,R683,3442,107,18
684,R684,2157,34,22
685,R685,2666,348,27
686,R686,2875,248,12
687,R687,3075,178,21
688,R688,2939,132,23
689,R689,2985,187,14
690,R690,2842,239,6
691,R691,2290,14,17
692,R692,3026,335,5
693,R693,3253,62,18
694,R694,3161,217,9
695,R695,2957,345,7
696,R696,3052,69,25
697,R697,3213,177,13
698,R698,2712,235,19
699,R699,2069,100,17
700,R700,3349,94,11
701,R701,3407,173,16
702,R702,3180,97,19
703,R703,2238,346,41
704,R704,2657,38,10
705,R705,2701,140,21
706,R706,3117,80,7
707,R707,2725,356,13
708,R708,3303,148,14
709,R709,3151,16,7
710,R710,2231,298,34
711,R711,2833,339,16
712,R712,3198,187,21
713,R713,3132,118,5
714,R714,2651,206,27
715,R715,3240,336,8
716,R716,3064,310,17
717,R717,2833,68,16
718,R718,3100,28,18
719,R719,3184,146,17
720,R720,3268,49,10
721,R721,3234,52,12
722,R722,3031,249,4
723,R723,2944,266,22
724,R724,3144,61,8
725,R725,3221,142,29
726,R726,3160,15,11
727,R727,2969,78,6
728,R728,2604,55,11
729,R729,2696,196,15
730,R730,2983,75,11
731,R731,2116,61,7
732,R732,2613,130,16
733,R733,2651,71,21
734,R734,2650,328,21
735,R735,3213,133,19
736,R736,3036,121,6
737,R737,3077,253,19
738,R738,2768,148,21
739,R739,2409,83,6
740,R740,3137,85,13
741,R741,2802,223,21
742,R742,3197,216,11
743,R743,3162,317,15
744,R744,3262,321,3
745,R745,2902,93,15
746,R746,2924,51,20
747,R747,3112,202,26
748,R748,2790,80,26
749,R749,3123,160,6
750,R750,3244,45,4
751,R751,3001,86,4
752,R752,2747,24,13
753,R753,2963,73,7
754,R754,2219,325,15
755,R755,2613,69,3
756,R756,3260,53,9
757,R757,2772,77,22
758,R758,3245,312,12
759,R759,2929,195,18
760,R760,2863,305,16
761,R761,2459,38,11
762,R762,3321,238,6
763,R763,2816,24,11
764,R764,2555,331,31
765,R765,2901,169,13
766,R766,3176,90,10
767,R767,2962,60,15
768,R768,3030,8,10
769,R769,3031,152,21
770,R770,3302,284,10
771,R771,3186,270,2
772,R772,2804,140,19
773,R773,3081,91,11
774,R774,2981,211,27
775,R775,3120,139,4
776,R776,3054,53,12
777,R777,3014,231,14
778,R778,2879,313,32
779,R779,2922,16,16
780,R780,3064,70,15
781,R781,3238,113,21
782,R782,3167,45,10
783,R783,3277,76,24
784,R784,2874,111,3
785,R785,2917,290,17
786,R786,2975,270,6
787,R787,3249,49,18
788,R788,3044,343,10
789,R789,3408,194,4
790,R790,3034,42,19
791,R791,3160,0,14
792,R792,2616,182,6
793,R793,2859,55,26
794,R794,2962,331,12
795,R795,2857,108,11
796,R796,3051,14,4
797,R797,2949,228,19
798,R798,3313,252,12
799,R799,3187,207,20
800,R800,2799,288,35
801,R801,3110,255,7
802,R802,3385,163,11
803,R803,3127,41,9
804,R804,2897,1,10
805,R805,2535,155,36
806,R806,3191,109,30
807,R807,3322,293,12
808,R808,3396,5,11
809,R809,2907,280,7
810,R810,3128,30,16
811,R811,2825,6,4
812,R812,2919,193,26
813,R813,2421,349,15
814,R814,3175,29,18
815,R815,3056,120,19
816,R816,3268,13,14
817,R817,2574,39,25
818,R818,2655,42,20
819,R819,3087,321,16
820,R820,3168,187,14
821,R821,2750,68,31
822,R822,3195,180,3
823,R823,2824,63,1
824,R824,2930,87,32
825,R825,3122,60,13
826,R826,2965,103,5
827,R827,2982,78,14
828,R828,2891,61,17
829,R829,3356,184,13
830,R830,2662,50,15
831,R831,3102,358,23
832,R832,3008,177,8
833,R833,3208,159,12
834,R834,2505,209,24
835,R835,3004,2,27
836,R836,3230,59,21
837,R837,3339,149,7
838,R838,3287,31,13
839,R839,2808,339,22
840,R840,2964,236,11
841,R841,2732,49,20
842,R842,3257,68,10
843,R843,3202,168,15
844,R844,2861,185,15
845,R845,2870,37,12
846,R846,2659,90,11
847,R847,2675,32,7
848,R848,3335,146,23
849,R849,2899,186,11
850,R850,3291,82,21
851,R851,3299,90,7
852,R852,2313,119,29
853,R853,3035,357,5
854,R854,2731,96,27
855,R855,3097,51,12
856,R856,2913,293,16
857,R857,2754,165,24
858,R858,3069,45,11
859,R859,2871,120,5
860,R860,3127,112,14
861,R861,2960,338,13
862,R862,2412,332,17
863,R863,3149,84,16
864,R864,2961,317,15
865,R865,3238,163,19
866,R866,2954,168,18
867,R867,3279,192,21
868,R868,2766,342,34
869,R869,2963,78,15
870,R870,2642,354,11
871,R871,2891,355,15
872,R872,3393,199,11
873,R873,3135,235,29
874,R874,2789,83,11
875,R875,3068,253,28
876,R876,3270,304,10
877,R877,2750,56,2
878,R878,3235,58,11
879,R879,2996,148,12
880,R880,2825,189,30
881,R881,2834,340,21
882,R882,2922,92,23
883,R883,3206,99,7
884,R884,2846,10,12
885,R885,2407,13,16
886,R886,3082,191,9
887,R887,2998,346,16
888,R888,2948,72,21
889,R889,2939,45,13
890,R890,3197,50,20
891,R891,3273,207,13
892,R892,2574,57,11
893,R893,3161,353,9
894,R894,3399,15,17
895,R895,3044,45,11
896,R896,2813,62,10
897,R897,2464,158,13
898,R898,2324,321,15
899,R899,2998,141,13
900,R900,2631,23,6
901,R901,3167,105,10
902,R902,3175,0,14
903,R903,2712,72,15
904,R904,2655,3,16
905,R905,2840,71,17
906,R906,2241,289,19
907,R907,2878,314,26
908,R908,2461,319,16
909,R909,3133,84,10
910,R910,3011,180,3
911,R911,3166,5,21
912,R912,3076,104,14
913,R913,3075,142,6
914,R914,3095,11,5
915,R915,2983,326,3
916,R916,2965,284,4
917,R917,3004,201,12
918,R918,2562,145,18
919,R919,2851,85,8
920,R920,2401,16,16
921,R921,2776,117,8
922,R922,3404,91,14
923,R923,3077,53,7
924,R924,2772,97,18
925,R925,3067,319,13
926,R926,2639,138,13
927,R927,2946,109,14
928,R928,3311,293,7
929,R929,2601,24,10
930,R930,2943,58,3
931,R931,2677,104,19
932,R932,3180,152,14
933,R933,3003,5,15
934,R934,2522,347,13
935,R935,2610,225,11
936,R936,3156,202,9
937,R937,3239,286,16
938,R938,2536,206,34
939,R939,3211,165,5
940,R940,2974,130,16
941,R941,3081,94,34
942,R942,2945,311,16
943,R943,3089,56,14
944,R944,3132,138,14
945,R945,2417,115,13
946,R946,3199,344,19
947,R947,2995,340,10
948,R948,3041,21,14
949,R949,2998,313,10
950,R950,3242,242,19
951,R951,2959,267,23
952,R952,3133,46,14
953,R953,2890,7,11
954,R954,2150,219,3
955,R955,2612,352,2
956,R956,2725,58,28
957,R957,1955,63,40
958,R958,3062,183,10
959,R959,3031,6,9
960,R960,3290,129,25
961,R961,2955,45,1
962,R962,2670,14,6
963,R963,2643,79,15
964,R964,2748,321,22
965,R965,2912,4,22
966,R966,3010,0,7
967,R967,2913,309,20
968,R968,3086,42,14
969,R969,3142,80,11
970,R970,3205,276,15
971,R971,2795,64,10
972,R972,3060,355,21
973,R973,3217,194,23
974,R974,3255,277,6
975,R975,3369,195,11
976,R976,3195,53,10
977,R977,2946,336,9
978,R978,2818,94,13
979,R979,3157,338,22
980,R980,3027,323,29
981,R981,2778,307,20
982,R982,3347,82,30
983,R983,2880,18,10
984,R984,2896,283,9
985,R985,2902,90,4
986,R986,3000,277,11
987,R987,2645,350,16
988,R988,2718,94,21
989,R989,3207,29,6
990,R990,3108,44,16
991,R991,3055,182,5
992,R992,2710,20,6
993,R993,2683,81,6
994,R994,2919,202,9
995,R995,3088,18,10
996,R996,3241,315,12
997,R997,2612,159,28
998,R998,3211,203,8
999,R999,2991,252,25
1000,R1000,3143,25,4
1001,R1001,2537,6,11
1002,R1002,3275,159,4
1003,R1003,3301,354,15
1004,R1004,3033,21,15
1005,R1005,3312,15,11
1006,R1006,3000,120,14
1007,R1007,3425,69,25
1008,R1008,2946,235,6
1009,R1009,3001,52,15
1010,R1010,3005,222,6
1011,R1011,3173,270,3
1012,R1012,3114,272,21
1013,R1013,2779,188,21
1014,R1014,3086,207,6
1015,R1015,2352,314,21
1016,R1016,2911,284,9
1017,R1017,2774,17,16
1018,R1018,2779,74,21
1019,R1019,2928,69,14
1020,R1020,3321,341,10
1021,R1021,2729,95,10
1022,R1022,3154,324,20
1023,R1023,3200,60,5
1024,R1024,3220,66,10
1025,R1025,3405,115,10
1026,R1026,3249,256,4
1027,R1027,2541,215,19
1028,R1028,2761,243,32
1029,R1029,2226,329,15
1030,R1030,2922,132,6
1031,R1031,3162,36,11
1032,R1032,3270,281,12
1033,R1033,3285,11,11
1034,R1034,2820,74,26
1035,R1035,3135,90,2
1036,R1036,2725,171,14
1037,R1037,2846,201,12
1038,R1038,3342,291,14
1039,R1039,2437,355,13
1040,R1040,3411,75,26
1041,R1041,2922,30,14
1042,R1042,3373,334,10
1043,R1043,3373,165,15
1044,R1044,3249,23,5
1045,R1045,2700,17,18
1046,R1046,3149,81,22
1047,R1047,3047,281,14
1048,R1048,3115,184,4
1049,R1049,2481,334,26
1050,R1050,2943,117,9
1051,R1051,3252,298,13
1052,R1052,3121,280,12
1053,R1053,2776,27,3
1054,R1054,3137,204,3
1055,R1055,3142,22,15
1056,R1056,2144,285,35
1057,R1057,2800,65,28
1058,R1058,3195,11,22
1059,R1059,2799,51,15
1060,R1060,2916,58,10
1061,R1061,3320,66,10
1062,R1062,3103,0,3
1063,R1063,3236,92,21
1064,R1064,2777,152,15
1065,R1065,2995,29,12
1066,R1066,3359,187,6
1067,R1067,3086,139,10
1068,R1068,3393,166,26
1069,R1069,3232,161,15
1070,R1070,3211,129,15
1071,R1071,2927,149,11
1072,R1072,3148,66,20
1073,R1073,2944,309,29
1074,R1074,3402,208,11
1075,R1075,2756,30,23
1076,R1076,2768,111,8
1077,R1077,3166,270,13
1078,R1078,2897,163,6
1079,R1079,3092,272,23
1080,R1080,3270,310,7
1081,R1081,2841,252,20
1082,R1082,2360,27,10
1083,R1083,3183,68,4
1084,R1084,2376,175,10
1085,R1085,2712,9,3
1086,R1086,3011,135,20
1087,R1087,2873,187,13
1088,R1088,2964,202,35
1089,R1089,3042,105,7
1090,R1090,2955,0,8
1091,R1091,2577,92,20
1092,R1092,2824,63,27
1093,R1093,2968,190,11
1094,R1094,3198,62,13
1095,R1095,3289,153,17
1096,R1096,2673,200,18
1097,R1097,3040,41,15
1098,R1098,3337,107,18
1099,R1099,2876,202,19
1100,R1100,2953,92,19
1101,R1101,3269,348,10
1102,R1102,2866,33,17
1103,R1103,3152,53,10
1104,R1104,2580,21,14
1105,R1105,2809,74,6
1106,R1106,3158,172,16
1107,R1107,3084,341,17
1108,R1108,2775,217,9
1109,R1109,2985,91,37
1110,R1110,3014,14,15
1111,R1111,3172,43,10
1112,R1112,3208,103,6
1113,R1113,2339,275,8
1114,R1114,2959,122,6
1115,R1115,3155,25,9
1116,R1116,3016,291,14
1117,R1117,2848,287,7
1118,R1118,2415,291,8
1119,R1119,2217,354,32
1120,R1120,2309,333,23
1121,R1121,3412,135,29
1122,R1122,2234,18,30
1123,R1123,3282,159,3
1124,R1124,3182,313,11
1125,R1125,3040,18,23
1126,R1126,3421,161,11
1127,R1127,2604,112,8
1128,R1128,3231,69,12
1129,R1129,2714,6,15
1130,R1130,2836,197,16
1131,R1131,2889,66,8
1132,R1132,2859,108,29
1133,R1133,2946,71,17
1134,R1134,2226,137,32
1135,R1135,3366,5,20
1136,R1136,3270,268,18
1137,R1137,3017,4,25
1138,R1138,3063,329,11
1139,R1139,2554,184,10
1140,R1140,3207,117,7
1141,R1141,2914,248,13
1142,R1142,3008,43,9
1143,R1143,2980,63,2
1144,R1144,2905,309,16
1145,R1145,3030,19,9
1146,R1146,2851,87,20
1147,R1147,2972,103,9
1148,R1148,2555,20,6
1149,R1149,2985,310,11
1150,R1150,3081,28,5
1151,R1151,3148,354,9
1152,R1152,2820,30,19
1153,R1153,3134,78,18
1154,R1154,2561,240,13
1155,R1155,3174,54,14
1156,R1156,2971,142,9
1157,R1157,3427,45,3
1158,R1158,3183,141,19
1159,R1159,2508,94,26
1160,R1160,2533,335,4
1161,R1161,3386,263,25
1162,R1162,2915,317,12
1163,R1163,3049,97,6
1164,R1164,3008,116,13
1165,R1165,2863,125,15
1166,R1166,3246,32,11
1167,R1167,3270,94,24
1168,R1168,3434,282,19
1169,R1169,3017,169,1
1170,R1170,2348,344,10
1171,R1171,2885,102,16
1172,R1172,2189,290,17
1173,R1173,2769,41,10
1174,R1174,2975,18,9
1175,R1175,3327,172,20
1176,R1176,3096,33,14
1177,R1177,2854,125,23
1178,R1178,2721,239,24
1179,R1179,3165,159,8
1180,R1180,3206,99,18
1181,R1181,3269,318,6
1182,R1182,3136,50,26
1183,R1183,2955,38,17
1184,R1184,2800,47,29
1185,R1185,2919,87,5
1186,R1186,2611,215,32
1187,R1187,3187,196,13
1188,R1188,3177,302,8
1189,R1189,2841,315,5
1190,R1190,3319,327,17
1191,R1191,2558,52,8
1192,R1192,3379,206,13
1193,R1193,3233,4,11
1194,R1194,2541,356,15
1195,R1195,3204,35,21
1196,R1196,3203,56,20
1197,R1197,2838,91,20
1198,R1198,2598,38,8
1199,R1199,2991,353,6
1200,R1200,3078,22,7
1201,R1201,2921,97,15
1202,R1202,2770,39,9
1203,R1203,2910,173,15
1204,R1204,3063,302,12
1205,R1205,3364,157,23
1206,R1206,3469,129,10
1207,R1207,3279,270,14
1208,R1208,3110,278,21
1209,R1209,3395,154,13
1210,R1210,3102,333,2
1211,R1211,3051,145,16
1212,R1212,3222,209,23
1213,R1213,2963,300,13
1214,R1214,3019,62,10
1215,R1215,3019,99,16
1216,R1216,2157,305,29
1217,R1217,2312,231,41
1218,R1218,3018,270,1
1219,R1219,3132,341,9
1220,R1220,3535,60,7
1221,R1221,3013,132,24
1222,R1222,2835,152,16
1223,R1223,3202,305,10
1224,R1224,2706,198,2
1225,R1225,3132,0,6
1226,R1226,2998,29,9
1227,R1227,3256,284,4
1228,R1228,2860,296,30
1229,R1229,3217,230,17
1230,R1230,3190,351,17
1231,R1231,3058,0,14
1232,R1232,2485,310,16
1233,R1233,2808,310,24
1234,R1234,2959,135,9
1235,R1235,3090,124,7
1236,R1236,3182,344,9
1237,R1237,2990,73,24
1238,R1238,2980,78,12
1239,R1239,2566,355,13
1240,R1240,3381,160,6
1241,R1241,2926,204,24
1242,R1242,3367,169,15
1243,R1243,3078,318,11
1244,R1244,3161,151,13
1245,R1245,2939,29,12
1246,R1246,3151,252,26
1247,R1247,3060,63,13
1248,R1248,2277,295,19
1249,R1249,3076,60,21
1250,R1250,2781,168,11
1251,R1251,2931,103,6
1252,R1252,3331,281,18
1253,R1253,2254,80,14
1254,R1254,2886,21,23
1255,R1255,3287,12,11
1256,R1256,3191,203,14
1257,R1257,2865,107,14
1258,R1258,2715,152,12
1259,R1259,2779,314,22
1260,R1260,2880,108,18
1261,R1261,2801,104,24
1262,R1262,3008,100,12
1263,R1263,3015,27,16
1264,R1264,3123,151,6
1265,R1265,2797,64,16
1266,R1266,3363,81,12
1267,R1267,3150,46,15
1268,R1268,2975,86,15
1269,R1269,2955,53,12
1270,R1270,3212,29,26
1271,R1271,3013,83,15
1272,R1272,3370,315,5
1273,R1273,2506,13,64
1274,R1274,2900,42,7
1275,R1275,3067,317,8
1276,R1276,2521,32,9
1277,R1277,2920,96,20
1278,R1278,3133,84,7
1279,R1279,2697,17,9
1280,R1280,3220,39,18
1281,R1281,3272,337,24
1282,R1282,3301,209,8
1283,R1283,2622,341,14
1284,R1284,3115,90,12
1285,R1285,3096,135,17
1286,R1286,3422,135,2
1287,R1287,2985,133,10
1288,R1288,2688,41,5
1289,R1289,2285,321,26
1290,R1290,2943,39,23
1291,R1291,2929,124,17
1292,R1292,2720,50,12
1293,R1293,2877,315,13
1294,R1294,2998,178,11
1295,R1295,2594,177,19
1296,R1296,3203,25,12
1297,R1297,2476,334,23
1298,R1298,2337,338,24
1299,R1299,2959,315,11
1300,R1300,3024,175,8
1301,R1301,3168,97,6
1302,R1302,3195,349,13
1303,R1303,3014,66,6
1304,R1304,3019,143,9
1305,R1305,2812,27,12
1306,R1306,2430,75,34
1307,R1307,2444,58,9
1308,R1308,2381,162,11
1309,R1309,3075,347,8
1310,R1310,2835,138,6
1311,R1311,2970,302,21
1312,R1312,3052,299,43
1313,R1313,2837,339,25
1314,R1314,2854,125,8
1315,R1315,2953,320,18
1316,R1316,2961,171,10
1317,R1317,3241,191,23
1318,R1318,2447,89,11
1319,R1319,3030,325,28
1320,R1320,3410,90,9
1321,R1321,2999,350,8
1322,R1322,3324,26,13
1323,R1323,2324,100,14
1324,R1324,2891,0,11
1325,R1325,3273,124,11
1326,R1326,2482,320,18
1327,R1327,3411,336,23
1328,R1328,2734,122,10
1329,R1329,3102,20,23
1330,R1330,3031,130,8
1331,R1331,3307,88,27
1332,R1332,3181,301,21
1333,R1333,3141,92,23
1334,R1334,3241,27,20
1335,R1335,2562,104,19
1336,R1336,3173,354,15
1337,R1337,2848,252,37
1338,R1338,3175,270,8
1339,R1339,3342,106,9
1340,R1340,3032,349,1
1341,R1341,2931,10,5
1342,R1342,3143,29,10
1343,R1343,3243,265,6
1344,R1344,2914,32,9
1345,R1345,3377,93,14
1346,R1346,3069,349,1
1347,R1347,2765,79,5
1348,R1348,2855,39,22
1349,R1349,2827,343,9
1350,R1350,3251,333,12
1351,R1351,3053,111,9
1352,R1352,2936,283,8
1353,R1353,3041,63,4
1354,R1354,2934,318,16
1355,R1355,2880,69,14
1356,R1356,3108,144,27
1357,R1357,3169,52,21
1358,R1358,3291,336,13
1359,R1359,2776,60,8
1360,R1360,2336,307,2
1361,R1361,2265,341,46
1362,R1362,2886,108,20
1363,R1363,2602,14,16
1364,R1364,2730,39,6
1365,R1365,3010,16,20
1366,R1366,2629,357,23
1367,R1367,3274,328,6
1368,R1368,2598,1,14
1369,R1369,2896,111,9
1370,R1370,3180,143,19
1371,R1371,3134,29,13
1372,R1372,2719,299,30
1373,R1373,2980,25,9
1374,R1374,3153,358,38
1375,R1375,2655,84,9
1376,R1376,3212,41,5
1377,R1377,3194,333,14
1378,R1378,3296,27,5
1379,R1379,2404,305,17
1380,R1380,2929,128,20
1381,R1381,2962,28,13
1382,R1382,2442,43,23
1383,R1383,3109,84,4
1384,R1384,3064,311,16
1385,R1385,2758,72,2
1386,R1386,2887,308,20
1387,R1387,2952,80,25
1388,R1388,3343,46,16
1389,R1389,2402,72,12
1390,R1390,3189,155,15
1391,R1391,3316,61,16
1392,R1392,3064,205,10
1393,R1393,3153,352,14
1394,R1394,3081,313,12
1395,R1395,2976,255,16
1396,R1396,3070,186,6
1397,R1397,3313,18,10
1398,R1398,3320,298,6
1399,R1399,2036,95,17
1400,R1400,3054,121,26
1401,R1401,2991,333,7
1402,R1402,2919,302,4
1403,R1403,3020,69,4
1404,R1404,3224,315,6
1405,R1405,3091,216,15
1406,R1406,2942,71,12
1407,R1407,3169,291,14
1408,R1408,2812,142,13
1409,R1409,2613,52,10
1410,R1410,2896,62,7
1411,R1411,3120,140,17
1412,R1412,3207,103,3
1413,R1413,3205,125,23
1414,R1414,2580,63,12
1415,R1415,3318,75,15
1416,R1416,2736,25,10
1417,R1417,3318,112,8
1418,R1418,2952,105,5
1419,R1419,2223,100,28
1420,R1420,3044,143,5
1421,R1421,2930,16,3
1422,R1422,2789,100,4
1423,R1423,2751,51,23
1424,R1424,2909,110,15
1425,R1425,3265,128,31
1426,R1426,2922,61,2
1427,R1427,3132,66,16
1428,R1428,2761,164,17
1429,R1429,3041,59,13
1430,R1430,3219,329,14
1431,R1431,2931,170,19
1432,R1432,2876,190,27
1433,R1433,3052,116,6
1434,R1434,2526,198,35
1435,R1435,3354,139,17
1436,R1436,3311,42,23
1437,R1437,2917,9,7
1438,R1438,3292,63,17
1439,R1439,3122,58,20
1440,R1440,2739,186,16
1441,R1441,3221,90,6
1442,R1442,2762,62,27
1443,R1443,3174,292,15
1444,R1444,3151,308,19
1445,R1445,3161,23,18
1446,R1446,3380,17,11
1447,R1447,2717,285,5
1448,R1448,2749,350,21
1449,R1449,2988,116,13
1450,R1450,2808,225,4
1451,R1451,3147,82,31
1452,R1452,2736,219,30
1453,R1453,2908,34,15
1454,R1454,2782,24,14
1455,R1455,2052,65,24
1456,R1456,3041,54,8
1457,R1457,2558,54,14
1458,R1458,2384,11,8
1459,R1459,2916,84,17
1460,R1460,2838,282,27
1461,R1461,2758,322,13
1462,R1462,3181,283,3
1463,R1463,2949,356,22
1464,R1464,3069,0,9
1465,R1465,3076,65,11
1466,R1466,2995,59,8
1467,R1467,3267,138,6
1468,R1468,2575,22,30
1469,R1469,3219,324,8
1470,R1470,3098,77,15
1471,R1471,3252,274,12
1472,R1472,3283,342,3
1473,R1473,2787,79,2
1474,R1474,3208,0,7
1475,R1475,2614,112,19
1476,R1476,2284,112,11
1477,R1477,3432,205,12
1478,R1478,2896,20,13
1479,R1479,2599,218,21
1480,R1480,3249,350,14
1481,R1481,3133,280,14
1482,R1482,3121,170,21
1483,R1483,2962,335,13
1484,R1484,3235,56,3
1485,R1485,3086,0,9
1486,R1486,2410,10,13
1487,R1487,3201,73,7
1488,R1488,2153,279,30
1489,R1489,2878,180,1
1490,R1490,2896,99,6
1491,R1491,2893,311,32
1492,R1492,3355,289,17
1493,R1493,3059,100,23
1494,R1494,2707,76,14
1495,R1495,3201,151,6
1496,R1496,3050,110,7
1497,R1497,2802,88,21
1498,R1498,2747,292,5
1499,R1499,3059,50,13
1500,R1500,2965,184,23
1501,R1501,2441,262,22
1502,R1502,2789,0,15
1503,R1503,2039,114,35
1504,R1504,3395,189,12
1505,R1505,3139,18,8
1506,R1506,3024,295,21
1507,R1507,3156,63,8
1508,R1508,3007,52,24
1509,R1509,2947,359,19
1510,R1510,3053,106,7
1511,R1511,3111,164,7
1512,R1512,2572,334,15
1513,R1513,2366,312,28
1514,R1514,3285,25,15
1515,R1515,2740,94,17
1516,R1516,3075,195,20
1517,R1517,2850,260,29
1518,R1518,2960,7,8
1519,R1519,3175,139,20
1520,R1520,3066,236,10
1521,R1521,3262,126,28
1522,R1522,2174,326,25
1523,R1523,2889,61,15
1524,R1524,2978,310,14
1525,R1525,2110,278,31
1526,R1526,3181,101,22
1527,R1527,3212,30,11
1528,R1528,2636,22,19
1529,R1529,3024,182,18
1530,R1530,3201,208,11
1531,R1531,2608,338,13
1532,R1532,3000,75,14
1533,R1533,3363,85,11
1534,R1534,3218,45,5
1535,R1535,3157,37,12
1536,R1536,2824,0,12
1537,R1537,2656,247,22
1538,R1538,3126,133,18
1539,R1539,2985,84,14
1540,R1540,3195,296,15
1541,R1541,2910,98,16
1542,R1542,3221,90,3
1543,R1543,2612,42,11
1544,R1544,2336,12,6
1545,R1545,3192,153,10
1546,R1546,2652,241,29
1547,R1547,2908,277,12
1548,R1548,2490,57,12
1549,R1549,3144,22,5
1550,R1550,2892,120,15
1551,R1551,2951,267,21
1552,R1552,3058,86,14
1553,R1553,3123,45,13
1554,R1554,3351,4,14
1555,R1555,2552,32,8
1556,R1556,2506,38,18
1557,R1557,3116,215,24
1558,R1558,2578,11,14
1559,R1559,3077,145,8
1560,R1560,3187,153,32
1561,R1561,2916,135,6
1562,R1562,2838,45,12
1563,R1563,3093,73,16
1564,R1564,3001,225,15
1565,R1565,2489,19,32
1566,R1566,2347,347,29
1567,R1567,3027,187,11
1568,R1568,3155,359,9
1569,R1569,3024,12,14
1570,R1570,3174,32,16
1571,R1571,2724,54,4
1572,R1572,2836,321,18
1573,R1573,3171,154,26
1574,R1574,3106,108,7
1575,R1575,2493,91,20
1576,R1576,3185,32,9
1577,R1577,3104,277,16
1578,R1578,2833,62,4
1579,R1579,2657,342,9
1580,R1580,3379,260,11
1581,R1581,3198,356,17
1582,R1582,3141,342,14
1583,R1583,2865,81,13
1584,R1584,2829,6,10
1585,R1585,3051,179,14
1586,R1586,2826,36,8
1587,R1587,3207,121,18
1588,R1588,3075,6,22
1589,R1589,3089,85,12
1590,R1590,3236,308,13
1591,R1591,2654,300,12
1592,R1592,2967,80,12
1593,R1593,3303,34,3
1594,R1594,3155,235,9
1595,R1595,3026,350,24
1596,R1596,2684,13,10
1597,R1597,3100,48,7
1598,R1598,3165,158,15
1599,R1599,2962,83,11
1600,R1600,2969,114,18
1601,R1601,3181,263,17
1602,R1602,2773,16,6
1603,R1603,2608,126,8
1604,R1604,2916,141,18
1605,R1605,2995,45,8
1606,R1606,3448,320,35
1607,R1607,3177,63,25
1608,R1608,2903,18,6
1609,R1609,2792,17,5
1610,R1610,3161,38,14
1611,R1611,2184,5,8
1612,R1612,2304,317,24
1613,R1613,2976,157,9
1614,R1614,2997,85,16
1615,R1615,3367,350,13
1616,R1616,3203,119,7
1617,R1617,3172,187,13
1618,R1618,3240,291,10
1619,R1619,3114,107,25
1620,R1620,2769,49,5
1621,R1621,3083,357,20
1622,R1622,3278,44,20
1623,R1623,3050,167,16
1624,R1624,2353,258,13
1625,R1625,3003,101,16
1626,R1626,2546,342,24
1627,R1627,3225,37,22
1628,R1628,2793,153,22
1629,R1629,3010,61,6
1630,R1630,2530,359,22
1631,R1631,2851,49,13
1632,R1632,2972,255,28
1633,R1633,3248,137,27
1634,R1634,3119,18,19
1635,R1635,3396,228,11
1636,R1636,2998,279,10
1637,R1637,2717,194,19
1638,R1638,3313,335,13
1639,R1639,3005,11,9
1640,R1640,3395,353,14
1641,R1641,3109,11,12
1642,R1642,2492,32,9
1643,R1643,2841,96,18
1644,R1644,1913,343,5
1645,R1645,3182,289,11
1646,R1646,3128,0,3
1647,R1647,2664,16,9
1648,R1648,2669,197,27
1649,R1649,2598,166,12
1650,R1650,3167,66,9
1651,R1651,3099,73,6
1652,R1652,3083,45,2
1653,R1653,3047,30,8
1654,R1654,3138,357,20
1655,R1655,2493,146,7
1656,R1656,3256,90,4
1657,R1657,2637,33,18
1658,R1658,3018,103,8
1659,R1659,2910,19,11
1660,R1660,2868,131,14
1661,R1661,2939,337,23
1662,R1662,2988,350,13
1663,R1663,3042,114,25
1664,R1664,3111,12,20
1665,R1665,3125,348,13
1666,R1666,3333,348,16
1667,R1667,2785,288,13
1668,R1668,2945,94,12
1669,R1669,2982,256,9
1670,R1670,3029,80,27
1671,R1671,3174,96,18
1672,R1672,2873,180,12
1673,R1673,3129,341,17
1674,R1674,3001,282,7
1675,R1675,3003,306,4
1676,R1676,2898,83,22
1677,R1677,3064,50,12
1678,R1678,2768,24,19
1679,R1679,2916,39,9
1680,R1680,2441,344,28
1681,R1681,2839,325,18
1682,R1682,2829,237,35
1683,R1683,2814,110,5
1684,R1684,2723,50,21
1685,R1685,2746,338,20
1686,R1686,3244,315,11
1687,R1687,3152,320,7
1688,R1688,2921,125,9
1689,R1689,2952,357,5
1690,R1690,3312,209,18
1691,R1691,3272,6,9
1692,R1692,2610,3,13
1693,R1693,3138,351,10
1694,R1694,3152,18,5
1695,R1695,3030,94,17
1696,R1696,3185,161,9
1697,R1697,2841,47,10
1698,R1698,3171,55,13
1699,R1699,3027,82,8
1700,R1700,3000,10,14
1701,R1701,2747,0,1
1702,R1702,3328,195,26
1703,R1703,3004,263,12
1704,R1704,3178,11,16
1705,R1705,3080,290,6
1706,R1706,2761,144,14
1707,R1707,2932,121,30
1708,R1708,2684,45,13
1709,R1709,2886,41,17
1710,R1710,3329,335,14
1711,R1711,2880,20,10
1712,R1712,2946,281,19
1713,R1713,3215,287,10
1714,R1714,2955,248,9
1715,R1715,3287,3,4
1716,R1716,2962,313,29
1717,R1717,2444,333,23
1718,R1718,3438,89,20
1719,R1719,2919,315,27
1720,R1720,2304,31,16
1721,R1721,3222,356,20
1722,R1722,2915,313,22
1723,R1723,3583,267,20
1724,R1724,2982,56,17
1725,R1725,2952,252,5
1726,R1726,3069,59,31
1727,R1727,2882,18,15
1728,R1728,3074,243,6
1729,R1729,2856,237,27
1730,R1730,2205,0,18
1731,R1731,3114,189,11
1732,R1732,2514,341,35
1733,R1733,3222,312,13
1734,R1734,2949,352,7
1735,R1735,3156,279,6
1736,R1736,2462,176,14
1737,R1737,3022,343,12
1738,R1738,2932,218,29
1739,R1739,2959,69,15
1740,R1740,3155,351,13
1741,R1741,2630,59,6
1742,R1742,2743,84,12
1743,R1743,3127,309,18
1744,R1744,2961,167,17
1745,R1745,3300,280,30
1746,R1746,2724,94,27
1747,R1747,3125,54,4
1748,R1748,3200,221,5
1749,R1749,2436,348,30
1750,R1750,2967,347,4
1751,R1751,3003,252,4
1752,R1752,3149,318,11
1753,R1753,2995,139,17
1754,R1754,3177,121,1
1755,R1755,3416,196,14
1756,R1756,3085,41,20
1757,R1757,3027,156,15
1758,R1758,3042,89,15
1759,R1759,2929,311,16
1760,R1760,3125,113,15
1761,R1761,3431,238,8
1762,R1762,3237,305,15
1763,R1763,2858,53,35
1764,R1764,2865,140,15
1765,R1765,3067,136,18
1766,R1766,3119,31,8
1767,R1767,3302,71,19
1768,R1768,3158,15,11
1769,R1769,2735,49,10
1770,R1770,2968,203,12
1771,R1771,3039,98,31
1772,R1772,2990,39,19
1773,R1773,3264,205,4
1774,R1774,3089,78,10
1775,R1775,3185,313,10
1776,R1776,3176,41,21
1777,R1777,3260,325,11
1778,R1778,3062,26,10
1779,R1779,2753,43,9
1780,R1780,3205,33,19
1781,R1781,2695,51,3
1782,R1782,3218,165,16
1783,R1783,2892,16,16
1784,R1784,3251,21,15
1785,R1785,2527,113,13
1786,R1786,2847,71,10
1787,R1787,3118,57,20
1788,R1788,3262,88,5
1789,R1789,3169,312,19
1790,R1790,2607,251,16
1791,R1791,3401,177,15
1792,R1792,2905,89,20
1793,R1793,3235,39,16
1794,R1794,2965,131,21
1795,R1795,2542,180,9
1796,R1796,3095,0,4
1797,R1797,2982,26,31
1798,R1798,2961,219,15
1799,R1799,3001,1,11
1800,R1800,2291,68,12
1801,R1801,2745,47,12
1802,R1802,2304,123,35
1803,R1803,2894,24,11
1804,R1804,3398,187,8
1805,R1805,3017,346,26
1806,R1806,3049,66,18
1807,R1807,2931,20,9
1808,R1808,3260,356,10
1809,R1809,2997,75,16
1810,R1810,2586,320,11
1811,R1811,2778,60,4
1812,R1812,2567,214,28
1813,R1813,3014,36,7
1814,R1814,2715,89,18
1815,R1815,3370,191,11
1816,R1816,2721,13,23
1817,R1817,2241,333,39
1818,R1818,2464,172,26
1819,R1819,2352,22,19
1820,R1820,3063,106,24
1821,R1821,3358,184,14
1822,R1822,2747,291,25
1823,R1823,3244,332,6
1824,R1824,3139,338,9
1825,R1825,3220,287,10
1826,R1826,3196,61,21
1827,R1827,2658,300,30
1828,R1828,3260,127,30
1829,R1829,2706,53,5
1830,R1830,2964,59,10
1831,R1831,3403,294,10
1832,R1832,3375,21,13
1833,R1833,2668,99,7
1834,R1834,3001,327,22
1835,R1835,3096,257,14
1836,R1836,3036,4,14
1837,R1837,3039,349,14
1838,R1838,3024,98,8
1839,R1839,3012,1,12
1840,R1840,3055,222,19
1841,R1841,2679,117,31
1842,R1842,3254,332,16
1843,R1843,2945,153,1
1844,R1844,2892,52,11
1845,R1845,3565,8,10
1846,R1846,2875,138,7
1847,R1847,2865,21,14
1848,R1848,2533,57,16
1849,R1849,2851,190,16
1850,R1850,3316,48,17
1851,R1851,3338,80,10
1852,R1852,3178,45,2
1853,R1853,3021,240,16
1854,R1854,2881,39,13
1855,R1855,3087,148,10
1856,R1856,2965,79,15
1857,R1857,3172,122,14
1858,R1858,3074,70,19
1859,R1859,3147,344,10
1860,R1860,2941,58,16
1861,R1861,3168,36,15
1862,R1862,2531,63,15
1863,R1863,2489,75,21
1864,R1864,2978,85,18
1865,R1865,2968,297,4
1866,R1866,2643,155,20
1867,R1867,3060,39,13
1868,R1868,2073,355,29
1869,R1869,2543,157,16
1870,R1870,2872,129,28
1871,R1871,3005,77,3
1872,R1872,2990,12,15
1873,R1873,3241,115,17
1874,R1874,2790,52,9
1875,R1875,3342,113,14
1876,R1876,2922,64,26
1877,R1877,3119,90,3
1878,R1878,2921,230,22
1879,R1879,2944,239,25
1880,R1880,3162,187,21
1881,R1881,2955,284,16
1882,R1882,3191,183,12
1883,R1883,2825,166,9
1884,R1884,2406,54,20
1885,R1885,3003,242,8
1886,R1886,2665,104,35
1887,R1887,3246,67,15
1888,R1888,3288,28,17
1889,R1889,2726,23,12
1890,R1890,2539,53,21
1891,R1891,2774,144,4
1892,R1892,2968,106,20
1893,R1893,2800,39,9
1894,R1894,2933,68,15
1895,R1895,3245,96,13
1896,R1896,3318,52,10
1897,R1897,3385,73,15
1898,R1898,3023,318,6
1899,R1899,3004,142,13
1900,R1900,3162,27,20
1901,R1901,3008,45,4
1902,R1902,2938,48,25
1903,R1903,2357,326,25
1904,R1904,2996,81,33
1905,R1905,3231,185,12
1906,R1906,2947,34,7
1907,R1907,3003,98,5
1908,R1908,2120,275,24
1909,R1909,2067,68,35
1910,R1910,3080,86,6
1911,R1911,2977,186,17
1912,R1912,3045,42,13
1913,R1913,3203,40,8
1914,R1914,2634,181,35
1915,R1915,3320,184,15
1916,R1916,2878,8,15
1917,R1917,3110,58,12
1918,R1918,2942,57,18
1919,R1919,2934,308,14
1920,R1920,3287,124,31
1921,R1921,3279,131,5
1922,R1922,1973,87,16
1923,R1923,3803,359,14
1924,R1924,2952,342,16
1925,R1925,2963,72,9
1926,R1926,2609,235,11
1927,R1927,2572,218,21
1928,R1928,3109,18,19
1929,R1929,2907,76,20
1930,R1930,3305,149,20
1931,R1931,2999,325,6
1932,R1932,2748,2,7
1933,R1933,3231,225,13
1934,R1934,3009,28,21
1935,R1935,2903,61,11
1936,R1936,3086,117,10
1937,R1937,2514,150,12
1938,R1938,2996,198,20
1939,R1939,2588,84,11
1940,R1940,3067,85,15
1941,R1941,3062,230,8
1942,R1942,3248,57,11
1943,R1943,3068,232,20
1944,R1944,2936,110,7
1945,R1945,2364,358,7
1946,R1946,3088,67,9
1947,R1947,2891,114,13
1948,R1948,3054,6,11
1949,R1949,2689,80,13
1950,R1950,3141,219,10
1951,R1951,2891,121,17
1952,R1952,3067,176,7
1953,R1953,2572,228,14
1954,R1954,2648,336,8
1955,R1955,3123,60,19
1956,R1956,2862,75,7
1957,R1957,3203,290,15
1958,R1958,2992,133,8
1959,R1959,2160,64,37
1960,R1960,2965,225,4
1961,R1961,2774,139,9
1962,R1962,2955,263,22
1963,R1963,2876,77,15
1964,R1964,3085,119,20
1965,R1965,2875,30,11
1966,R1966,3136,53,12
1967,R1967,3228,215,16
1968,R1968,2909,320,4
1969,R1969,2897,214,12
1970,R1970,3141,339,14
1971,R1971,3138,100,23
1972,R1972,3176,57,13
1973,R1973,3086,2,7
1974,R1974,3210,232,13
1975,R1975,3194,266,3
1976,R1976,3228,188,12
1977,R1977,3453,323,16
1978,R1978,3100,39,13
1979,R1979,2761,88,7
1980,R1980,2636,227,12
1981,R1981,2623,163,13
1982,R1982,3208,55,11
1983,R1983,2659,336,13
1984,R1984,2751,83,13
1985,R1985,2995,186,12
1986,R1986,2934,126,15
1987,R1987,2975,47,22
1988,R1988,2719,109,9
1989,R1989,2664,143,24
1990,R1990,3140,60,5
1991,R1991,2789,67,25
1992,R1992,3095,5,10
1993,R1993,2769,56,22
1994,R1994,2945,253,9
1995,R1995,3172,248,9
1996,R1996,3281,11,14
1997,R1997,2740,353,8
1998,R1998,2344,35,29
1999,R1999,3262,83,24
2000,R2000,3035,59,22
2001,R2001,2861,16,6
2002,R2002,3137,99,12
2003,R2003,2836,51,12
2004,R2004,3021,270,7
2005,R2005,2772,40,4
2006,R2006,3166,312,7
2007,R2007,2674,163,6
2008,R2008,3217,241,6
2009,R2009,2931,108,14
2010,R2010,2959,180,25
2011,R2011,2125,349,33
2012,R2012,2927,337,18
2013,R2013,3018,325,23
2014,R2014,3337,179,21
2015,R2015,2937,340,5
2016,R2016,2843,23,20
2017,R2017,3140,355,20
2018,R2018,3139,336,18
2019,R2019,3189,243,3
2020,R2020,2963,209,21
2021,R2021,2262,40,34
2022,R2022,3032,351,9
2023,R2023,2962,305,18
2024,R2024,3393,85,8
2025,R2025,3188,31,11
2026,R2026,3054,348,6
2027,R2027,2642,348,6
2028,R2028,3187,40,20
2029,R2029,3208,317,13
2030,R2030,3254,16,21
2031,R2031,3161,143,10
2032,R2032,3184,216,16
2033,R2033,2773,332,21
2034,R2034,2050,118,36
2035,R2035,3221,325,4
2036,R2036,3004,175,5
2037,R2037,2771,105,5
2038,R2038,2754,120,15
2039,R2039,3205,270,8
2040,R2040,2973,146,15
2041,R2041,3056,339,15
2042,R2042,2091,352,36
2043,R2043,2451,36,23
2044,R2044,3158,291,6
2045,R2045,3225,0,0
2046,R2046,2965,28,27
2047,R2047,2576,180,0
2048,R2048,2800,171,9
2049,R2049,3067,346,4
2050,R2050,2701,5,19
2051,R2051,3237,298,13
2052,R2052,2794,324,25
2053,R2053,2991,70,17
2054,R2054,3166,68,15
2055,R2055,2953,0,15
2056,R2056,2736,34,26
2057,R2057,2466,280,11
2058,R2058,2442,25,23
2059,R2059,3077,337,14
2060,R2060,3106,135,15
2061,R2061,3126,357,8
2062,R2062,3054,76,8
2063,R2063,2715,161,10
2064,R2064,3215,135,1
2065,R2065,3242,97,19
2066,R2066,3101,202,19
2067,R2067,3301,146,10
2068,R2068,3081,2,16
2069,R2069,3024,77,4
2070,R2070,3097,169,15
2071,R2071,2972,42,7
2072,R2072,2978,333,3
2073,R2073,2592,64,16
2074,R2074,2608,319,13
2075,R2075,3085,281,12
2076,R2076,3028,271,25
2077,R2077,3444,130,23
2078,R2078,2911,52,31
2079,R2079,3261,48,14
2080,R2080,3063,289,24
2081,R2081,2889,288,1
2082,R2082,3327,270,4
2083,R2083,2934,130,16
2084,R2084,2804,34,16
2085,R2085,3006,11,20
2086,R2086,2493,354,10
2087,R2087,2591,353,15
2088,R2088,3179,113,11
2089,R2089,3329,209,18
2090,R2090,3115,154,6
2091,R2091,2986,34,17
2092,R2092,2722,45,4
2093,R2093,2965,359,11
2094,R2094,2860,97,11
2095,R2095,2907,63,12
2096,R2096,2647,20,13
2097,R2097,3165,330,14
2098,R2098,2387,316,19
2099,R2099,2777,9,11
2100,R2100,3103,46,23
2101,R2101,3261,137,11
2102,R2102,3242,43,8
2103,R2103,3097,101,11
2104,R2104,3059,330,16
2105,R2105,2212,4,39
2106,R2106,2790,278,31
2107,R2107,2663,174,19
2108,R2108,3211,256,2
2109,R2109,2669,355,10
2110,R2110,3214,39,18
2111,R2111,3037,270,8
2112,R2112,2697,0,5
2113,R2113,3067,236,5
2114,R2114,3056,336,17
2115,R2115,3303,77,11
2116,R2116,2574,354,18
2117,R2117,2922,263,15
2118,R2118,3177,91,12
2119,R2119,3151,23,7
2120,R2120,2813,86,12
2121,R2121,3021,235,16
2122,R2122,3079,239,17
2123,R2123,3084,24,10
2124,R2124,2833,333,20
2125,R2125,2193,322,33
2126,R2126,3221,324,15
2127,R2127,3053,135,11
2128,R2128,2116,69,34
2129,R2129,3293,53,14
2130,R2130,2894,297,1
2131,R2131,2849,22,16
2132,R2132,3434,135,5
2133,R2133,3349,323,35
2134,R2134,2588,73,6
2135,R2135,3228,291,10
2136,R2136,3300,245,7
2137,R2137,3271,103,20
2138,R2138,2995,192,29
2139,R2139,3300,7,15
2140,R2140,2629,53,16
2141,R2141,2965,45,7
2142,R2142,3109,41,15
2143,R2143,2841,66,22
2144,R2144,2995,90,19
2145,R2145,2755,100,25
2146,R2146,2859,358,16
2147,R2147,2226,30,20
2148,R2148,3255,357,4
2149,R2149,3193,135,0
2150,R2150,3183,325,11
2151,R2151,2880,50,15
2152,R2152,3025,169,2
2153,R2153,3026,72,10
2154,R2154,2717,107,8
2155,R2155,3008,46,17
2156,R2156,3110,63,3
2157,R2157,2590,77,9
2158,R2158,2906,153,7
2159,R2159,2927,338,18
2160,R2160,3435,309,12
2161,R2161,3064,32,6
2162,R2162,2890,38,5
2163,R2163,3164,180,6
2164,R2164,2936,169,21
2165,R2165,2873,351,20
2166,R2166,3454,148,8
2167,R2167,2932,2,6
2168,R2168,2789,192,8
2169,R2169,3263,306,25
2170,R2170,2587,40,15
2171,R2171,3232,193,30
2172,R2172,3085,351,5
2173,R2173,3005,357,20
2174,R2174,2999,274,16
2175,R2175,2618,350,26
2176,R2176,3188,316,18
2177,R2177,3016,259,12
2178,R2178,3204,9,7
2179,R2179,3446,314,31
2180,R2180,2822,91,10
2181,R2181,2925,23,5
2182,R2182,2655,70,6
2183,R2183,3124,302,11
2184,R2184,2484,66,8
2185,R2185,3224,20,11
2186,R2186,2814,63,25
2187,R2187,3257,262,7
2188,R2188,2968,23,14
2189,R2189,2518,310,27
2190,R2190,3086,113,16
2191,R2191,3032,326,14
2192,R2192,2888,29,17
2193,R2193,2442,43,9
2194,R2194,2407,49,24
2195,R2195,2367,176,9
2196,R2196,3260,339,9
2197,R2197,2767,61,6
2198,R2198,2902,68,17
2199,R2199,3262,358,30
2200,R2200,3106,22,12
2201,R2201,2598,86,12
2202,R2202,3058,129,15
2203,R2203,2870,117,8
2204,R2204,3049,14,20
2205,R2205,3205,194,12
2206,R2206,2700,146,18
2207,R2207,2834,176,26
2208,R2208,2615,319,5
2209,R2209,3256,1,12
2210,R2210,3052,217,11
2211,R2211,2843,37,18
2212,R2212,2936,0,3
2213,R2213,3255,216,13
2214,R2214,2763,10,26
2215,R2215,2550,100,16
2216,R2216,3341,242,8
2217,R2217,2991,60,7
2218,R2218,3034,323,7
2219,R2219,2746,164,8
2220,R2220,3269,216,4
2221,R2221,2747,45,8
2222,R2222,3133,107,14
2223,R2223,3109,124,11
2224,R2224,2366,11,8
2225,R2225,2153,339,18
2226,R2226,2788,65,10
2227,R2227,3188,284,35
2228,R2228,3023,229,21
2229,R2229,3113,257,12
2230,R2230,3082,168,21
2231,R2231,2830,101,17
2232,R2232,2633,44,17
2233,R2233,3345,138,13
2234,R2234,2929,338,11
2235,R2235,2279,302,25
2236,R2236,3185,153,3
2237,R2237,2812,92,25
2238,R2238,2901,234,9
2239,R2239,3102,330,31
2240,R2240,3095,303,28
2241,R2241,2900,60,9
2242,R2242,3145,0,15
2243,R2243,3229,70,10
2244,R2244,2560,89,10
2245,R2245,2777,342,16
2246,R2246,3031,170,9
2247,R2247,2705,208,17
2248,R2248,2862,15,13
2249,R2249,2678,128,6
2250,R2250,2724,2,22
2251,R2251,3207,281,4
2252,R2252,2833,78,15
2253,R2253,2784,20,5
2254,R2254,2549,51,16
2255,R2255,2906,54,23
2256,R2256,2815,114,10
2257,R2257,3038,88,19
2258,R2258,3198,119,27
2259,R2259,2576,75,25
2260,R2260,2942,143,2
2261,R2261,3050,37,12
2262,R2262,2911,232,18
2263,R2263,2497,135,8
2264,R2264,3045,345,13
2265,R2265,3328,57,26
2266,R2266,2867,57,11
2267,R2267,2796,134,15
2268,R2268,3005,294,20
2269,R2269,2814,65,4
2270,R2270,2925,113,18
2271,R2271,2981,289,10
2272,R2272,3011,358,13
2273,R2273,3166,78,13
2274,R2274,3075,171,20
2275,R2275,2749,335,27
2276,R2276,3033,70,15
2277,R2277,3213,333,11
2278,R2278,2853,143,24
2279,R2279,3077,306,10
2280,R2280,3095,141,10
2281,R2281,2852,68,11
2282,R2282,2799,115,19
2283,R2283,2312,343,9
2284,R2284,2827,298,9
2285,R2285,3032,336,21
2286,R2286,2985,79,12
2287,R2287,2777,218,8
2288,R2288,3224,318,17
2289,R2289,3184,11,19
2290,R2290,3019,24,9
2291,R2291,3079,326,3
2292,R2292,3109,8,5
2293,R2293,3308,145,4
2294,R2294,1975,81,18
2295,R2295,3206,110,7
2296,R2296,3011,335,8
2297,R2297,2591,197,22
2298,R2298,3293,152,19
2299,R2299,2397,5,17
2300,R2300,2843,295,18
2301,R2301,2787,15,8
2302,R2302,2767,76,8
2303,R2303,3180,26,14
2304,R2304,3229,188,16
2305,R2305,2707,283,23
2306,R2306,3160,180,20
2307,R2307,3217,54,4
2308,R2308,3128,320,11
2309,R2309,2914,308,3
2310,R2310,3191,141,9
2311,R2311,3205,173,14
2312,R2312,2567,48,14
2313,R2313,2934,185,5
2314,R2314,2842,116,12
2315,R2315,3055,342,12
2316,R2316,2933,252,10
2317,R2317,2657,6,9
2318,R2318,3074,335,4
2319,R2319,3203,27,18
2320,R2320,3044,30,18
2321,R2321,3376,40,4
2322,R2322,3284,248,9
2323,R2323,3193,68,19
2324,R2324,3374,70,5
2325,R2325,3182,64,6
2326,R2326,2230,342,27
2327,R2327,2348,106,25
2328,R2328,2695,138,11
2329,R2329,3091,294,8
2330,R2330,3006,3,18
2331,R2331,2378,328,12
2332,R2332,3199,113,20
2333,R2333,3248,96,13
2334,R2334,3184,84,15
2335,R2335,3223,172,22
2336,R2336,2765,343,21
2337,R2337,2682,336,11
2338,R2338,2843,256,30
2339,R2339,3209,45,13
2340,R2340,2975,18,11
2341,R2341,3063,205,7
2342,R2342,2755,231,38
2343,R2343,3001,318,7
2344,R2344,3018,14,13
2345,R2345,3260,304,9
2346,R2346,2755,87,24
2347,R2347,2942,137,12
2348,R2348,2154,86,15
2349,R2349,3017,331,2
2350,R2350,3147,28,13
2351,R2351,2880,21,33
2352,R2352,3254,251,16
2353,R2353,3257,297,13
2354,R2354,3294,195,16
2355,R2355,2991,69,12
2356,R2356,2810,58,19
2357,R2357,3295,50,7
2358,R2358,2978,56,13
2359,R2359,2889,10,11
2360,R2360,3153,117,4
2361,R2361,3157,330,10
2362,R2362,3165,22,9
2363,R2363,2921,202,9
2364,R2364,2188,357,24
2365,R2365,3206,339,19
2366,R2366,3264,90,9
2367,R2367,3173,138,14
2368,R2368,3004,186,7
2369,R2369,3005,102,7
2370,R2370,2119,299,12
2371,R2371,2902,111,3
2372,R2372,3421,79,11
2373,R2373,2899,3,17
2374,R2374,2702,55,9
2375,R2375,3004,40,11
2376,R2376,2469,12,7
2377,R2377,2931,324,10
2378,R2378,3049,148,14
2379,R2379,2776,335,9
2380,R2380,2675,318,15
2381,R2381,2818,24,9
2382,R2382,3241,329,15
2383,R2383,3099,82,33
2384,R2384,3119,16,22
2385,R2385,2275,235,35
2386,R2386,3147,147,19
2387,R2387,2837,160,17
2388,R2388,3207,20,8
2389,R2389,2861,322,14
2390,R2390,3181,136,23
2391,R2391,2850,85,15
2392,R2392,3155,158,4
2393,R2393,2864,88,24
2394,R2394,2993,264,14
2395,R2395,2775,53,12
2396,R2396,3015,5,12
2397,R2397,3112,283,9
2398,R2398,2837,359,10
2399,R2399,3250,12,10
2400,R2400,3031,280,10
2401,R2401,3143,32,6
2402,R2402,3131,205,27
2403,R2403,2803,40,23
2404,R2404,2903,233,10
2405,R2405,2965,191,16
2406,R2406,3226,45,7
2407,R2407,2731,6,10
2408,R2408,3452,202,12
2409,R2409,3047,274,10
2410,R2410,3187,287,12
2411,R2411,3034,22,4
2412,R2412,3060,190,14
2413,R2413,2805,49,11
2414,R2414,2351,358,13
2415,R2415,2878,337,10
2416,R2416,2955,353,11
2417,R2417,3151,305,18
2418,R2418,3084,0,0
2419,R2419,2446,312,15
2420,R2420,2925,29,16
2421,R2421,3133,65,19
2422,R2422,2807,61,21
2423,R2423,3258,41,20
2424,R2424,2870,47,8
2425,R2425,2716,15,26
2426,R2426,2436,66,13
2427,R2427,3435,32,17
2428,R2428,2931,81,6
2429,R2429,3239,65,16
2430,R2430,2819,358,9
2431,R2431,2486,147,5
2432,R2432,3008,67,27
2433,R2433,2947,288,7
2434,R2434,2972,45,17
2435,R2435,2955,325,13
2436,R2436,2869,81,19
2437,R2437,3175,117,17
2438,R2438,2668,6,9
2439,R2439,2945,95,12
2440,R2440,3071,301,11
2441,R2441,3004,207,13
2442,R2442,2765,127,12
2443,R2443,3008,185,9
2444,R2444,2770,108,26
2445,R2445,3153,202,19
2446,R2446,3162,47,16
2447,R2447,3037,69,15
2448,R2448,2844,70,8
2449,R2449,3468,118,22
2450,R2450,3193,178,27
2451,R2451,2631,8,7
2452,R2452,3469,102,15
2453,R2453,3124,81,18
2454,R2454,2777,351,23
2455,R2455,2567,313,24
2456,R2456,3846,15,3
2457,R2457,2662,339,6
2458,R2458,3341,83,9
2459,R2459,2885,236,3
2460,R2460,3009,81,12
2461,R2461,2792,327,18
2462,R2462,3383,162,17
2463,R2463,2521,99,9
2464,R2464,3011,151,21
2465,R2465,2653,77,22
2466,R2466,2672,25,21
2467,R2467,3123,133,8
2468,R2468,2517,127,12
2469,R2469,2582,144,10
2470,R2470,2887,131,13
2471,R2471,3008,355,14
2472,R2472,3172,348,11
2473,R2473,2968,64,16
2474,R2474,2885,114,18
2475,R2475,3268,204,15
2476,R2476,2939,155,21
2477,R2477,3024,131,14
2478,R2478,3135,305,14
2479,R2479,3125,330,12
2480,R2480,3415,304,14
2481,R2481,3369,302,9
2482,R2482,2911,49,10
2483,R2483,2874,7,14
2484,R2484,3248,85,11
2485,R2485,3211,261,6
2486,R2486,3346,225,6
2487,R2487,3104,280,13
2488,R2488,3421,347,13
2489,R2489,2830,265,19
2490,R2490,2894,300,14
2491,R2491,2995,45,11
2492,R2492,2698,64,17
2493,R2493,3206,114,12
2494,R2494,2793,15,11
2495,R2495,3292,116,26
2496,R2496,3172,97,6
2497,R2497,2753,188,3
2498,R2498,3193,38,12
2499,R2499,3045,343,19
2500,R2500,2898,89,24
2501,R2501,3369,140,23
2502,R2502,3289,340,20
2503,R2503,3176,122,14
2504,R2504,2952,279,9
2505,R2505,3107,248,16
2506,R2506,2967,18,19
2507,R2507,3219,209,2
2508,R2508,3185,346,15
2509,R2509,3229,141,9
2510,R2510,2499,182,6
2511,R2511,3255,310,4
2512,R2512,3446,62,30
2513,R2513,3222,61,16
2514,R2514,2884,42,6
2515,R2515,3303,86,18
2516,R2516,2872,176,12
2517,R2517,3064,66,12
2518,R2518,2630,153,8
2519,R2519,3237,10,12
2520,R2520,3282,11,14
2521,R2521,3028,172,18
2522,R2522,2711,20,13
2523,R2523,2882,168,30
2524,R2524,3244,294,8
2525,R2525,3073,152,11
2526,R2526,3130,335,13
2527,R2527,3040,88,33
2528,R2528,2983,350,11
2529,R2529,2689,166,10
2530,R2530,2791,351,10
2531,R2531,2836,331,23
2532,R2532,2848,257,22
2533,R2533,2412,76,14
2534,R2534,3023,94,8
2535,R2535,3322,32,6
2536,R2536,2879,135,12
2537,R2537,3093,60,18
2538,R2538,3123,257,15
2539,R2539,2287,293,16
2540,R2540,2855,293,18
2541,R2541,2968,36,25
2542,R2542,3281,162,25
2543,R2543,3339,121,15
2544,R2544,3156,170,7
2545,R2545,2396,322,22
2546,R2546,2993,80,22
2547,R2547,3502,66,17
2548,R2548,2978,27,14
2549,R2549,2948,94,8
2550,R2550,2910,305,8
2551,R2551,2955,51,12
2552,R2552,3046,355,13
2553,R2553,2627,207,11
2554,R2554,3218,152,9
2555,R2555,3180,0,14
2556,R2556,3067,178,23
2557,R2557,2952,82,20
2558,R2558,2965,20,13
2559,R2559,2794,183,24
2560,R2560,3141,9,17
2561,R2561,3038,170,14
2562,R2562,2870,7,17
2563,R2563,3278,92,8
2564,R2564,3112,328,14
2565,R2565,2946,46,17
2566,R2566,2110,99,3
2567,R2567,2325,152,16
2568,R2568,2828,30,17
2569,R2569,3208,319,27
2570,R2570,3057,75,22
2571,R2571,2048,306,37
2572,R2572,2992,28,4
2573,R2573,3065,166,14
2574,R2574,2273,322,31
2575,R2575,2348,31,10
2576,R2576,2785,292,5
2577,R2577,2618,154,13
2578,R2578,3060,76,9
2579,R2579,2936,76,24
2580,R2580,3106,299,18
2581,R2581,3069,87,14
2582,R2582,3040,32,6
2583,R2583,3217,206,22
2584,R2584,2726,156,12
2585,R2585,2514,315,11
2586,R2586,3298,313,11
2587,R2587,2609,227,9
2588,R2588,3095,138,22
2589,R2589,2909,66,15
2590,R2590,2565,183,12
2591,R2591,2995,260,11
2592,R2592,2904,273,31
2593,R2593,3298,78,18
2594,R2594,3411,188,18
2595,R2595,2674,125,9
2596,R2596,3209,320,8
2597,R2597,2968,191,1
2598,R2598,2946,242,13
2599,R2599,2457,18,21
2600,R2600,2995,341,10
2601,R2601,2278,63,8
2602,R2602,2998,37,17
2603,R2603,3236,64,12
2604,R2604,2997,331,24
2605,R2605,3148,111,25
2606,R2606,3336,84,17
2607,R2607,2644,329,24
2608,R2608,3329,93,32
2609,R2609,3128,25,7
2610,R2610,2829,107,13
2611,R2611,3203,349,11
2612,R2612,2843,332,39
2613,R2613,2926,83,10
2614,R2614,3034,320,16
2615,R2615,3298,346,14
2616,R2616,3008,82,5
2617,R2617,2197,91,18
2618,R2618,3004,198,16
2619,R2619,2836,323,26
2620,R2620,2684,343,14
2621,R2621,2868,326,19
2622,R2622,3181,137,12
2623,R2623,3233,107,5
2624,R2624,3047,135,1
2625,R2625,3177,213,22
2626,R2626,3078,45,10
2627,R2627,3146,358,15
2628,R2628,2908,253,6
2629,R2629,2521,59,11
2630,R2630,3011,0,3
2631,R2631,2794,352,14
2632,R2632,3135,91,11
2633,R2633,3010,122,7
2634,R2634,2690,280,29
2635,R2635,3257,330,7
2636,R2636,2889,66,11
2637,R2637,3221,180,1
2638,R2638,3128,345,16
2639,R2639,3052,11,15
2640,R2640,2748,333,12
2641,R2641,2889,322,11
2642,R2642,2873,76,9
2643,R2643,2771,97,29
2644,R2644,2909,120,18
2645,R2645,3191,65,19
2646,R2646,3103,14,26
2647,R2647,2893,90,16
2648,R2648,3183,28,7
2649,R2649,3224,353,25
2650,R2650,2903,6,11
2651,R2651,2954,133,21
2652,R2652,3261,279,15
2653,R2653,2245,346,16
2654,R2654,3048,295,15
2655,R2655,2727,66,32
2656,R2656,3021,279,19
2657,R2657,3229,141,10
2658,R2658,2554,47,13
2659,R2659,2827,98,8
2660,R2660,2343,261,20
2661,R2661,2777,49,14
2662,R2662,2849,17,6
2663,R2663,3061,177,16
2664,R2664,3026,176,15
2665,R2665,3292,240,9
2666,R2666,3213,171,24
2667,R2667,3189,259,14
2668,R2668,3245,157,24
2669,R2669,2781,283,11
2670,R2670,2101,71,37
2671,R2671,2969,305,18
2672,R2672,2832,153,8
2673,R2673,3164,148,22
2674,R2674,2891,39,29
2675,R2675,3184,297,3
2676,R2676,3426,48,21
2677,R2677,2933,75,7
2678,R2678,2744,103,8
2679,R2679,3117,116,13
2680,R2680,3263,238,4
2681,R2681,3178,153,7
2682,R2682,2680,118,9
2683,R2683,2894,113,17
2684,R2684,2878,45,11
2685,R2685,3246,167,13
2686,R2686,3344,326,32
2687,R2687,2161,320,15
2688,R2688,2661,141,10
2689,R2689,3001,159,11
2690,R2690,3017,105,5
2691,R2691,2198,18,34
2692,R2692,3114,216,4
2693,R2693,3247,103,8
2694,R2694,2152,354,34
2695,R2695,3001,318,12
2696,R2696,3075,131,18
2697,R2697,3050,27,14
2698,R2698,3249,38,11
2699,R2699,3064,9,7
2700,R2700,3430,145,17
2701,R2701,2981,347,13
2702,R2702,2609,53,17
2703,R2703,3349,153,13
2704,R2704,2821,82,10
2705,R2705,2879,246,24
2706,R2706,3156,84,27
2707,R2707,2975,105,24
2708,R2708,2834,57,10
2709,R2709,2636,160,14
2710,R2710,2996,0,15
2711,R2711,3205,198,9
2712,R2712,3044,148,18
2713,R2713,2406,43,10
2714,R2714,2906,311,25
2715,R2715,2876,227,20
2716,R2716,3071,107,9
2717,R2717,3319,139,9
2718,R2718,3064,34,17
2719,R2719,3008,57,12
2720,R2720,2928,289,26
2721,R2721,2900,70,25
2722,R2722,2934,331,24
2723,R2723,3118,140,19
2724,R2724,3054,83,15
2725,R2725,2988,295,20
2726,R2726,3093,74,16
2727,R2727,3131,158,3
2728,R2728,3220,315,13
2729,R2729,3064,90,14
2730,R2730,2740,47,10
2731,R2731,3191,353,13
2732,R2732,3058,95,13
2733,R2733,3189,212,30
2734,R2734,2798,80,38
2735,R2735,2901,175,21
2736,R2736,3323,345,19
2737,R2737,2916,192,18
2738,R2738,2882,220,7
2739,R2739,2666,12,8
2740,R2740,3106,301,4
2741,R2741,2677,93,9
2742,R2742,2267,336,21
2743,R2743,2552,111,3
2744,R2744,2465,213,32
2745,R2745,2997,345,17
2746,R2746,3124,172,11
2747,R2747,3238,95,20
2748,R2748,2302,31,19
2749,R2749,3114,5,18
2750,R2750,2831,238,23
2751,R2751,2742,117,9
2752,R2752,3022,141,14
2753,R2753,2959,139,14
2754,R2754,3070,85,28
2755,R2755,2688,322,6
2756,R2756,2974,99,31
2757,R2757,3214,66,9
2758,R2758,3012,323,11
2759,R2759,3099,4,7
2760,R2760,3274,39,6
2761,R2761,3224,324,2
2762,R2762,2726,282,9
2763,R2763,2794,5,11
2764,R2764,2156,326,36
2765,R2765,2935,274,10
2766,R2766,3040,108,9
2767,R2767,3392,195,17
2768,R2768,2940,277,4
2769,R2769,2744,181,17
2770,R2770,2872,58,13
2771,R2771,2747,342,12
2772,R2772,2956,348,18
2773,R2773,3174,195,21
2774,R2774,2357,259,27
2775,R2775,3236,314,18
2776,R2776,3058,316,16
2777,R2777,2730,42,17
2778,R2778,2887,192,8
2779,R2779,2960,102,16
2780,R2780,2884,15,7
2781,R2781,3094,250,12
2782,R2782,3131,61,5
2783,R2783,2182,15,46
2784,R2784,3363,132,19
2785,R2785,2845,111,22
2786,R2786,3042,86,9
2787,R2787,2581,9,36
2788,R2788,3234,330,19
2789,R2789,3206,121,6
2790,R2790,2624,97,11
2791,R2791,2701,237,13
2792,R2792,3387,346,15
2793,R2793,2203,358,31
2794,R2794,3051,296,10
2795,R2795,2805,117,14
2796,R2796,2991,240,8
2797,R2797,2673,69,8
2798,R2798,2783,170,20
2799,R2799,2949,216,8
2800,R2800,3157,310,24
2801,R2801,2598,15,21
2802,R2802,3207,297,8
2803,R2803,2940,332,17
2804,R2804,3205,138,13
2805,R2805,3160,59,11
2806,R2806,2963,262,16
2807,R2807,3536,110,12
2808,R2808,2711,294,11
2809,R2809,2323,104,23
2810,R2810,2643,56,14
2811,R2811,3134,118,7
2812,R2812,2994,275,17
2813,R2813,3081,49,10
2814,R2814,3041,35,16
2815,R2815,2646,73,7
2816,R2816,2755,223,24
2817,R2817,2583,141,23
2818,R2818,2906,10,11
2819,R2819,2962,63,7
2820,R2820,3287,345,14
2821,R2821,3214,63,18
2822,R2822,2733,214,29
2823,R2823,3578,65,4
2824,R2824,2801,142,20
2825,R2825,2592,129,7
2826,R2826,3221,250,6
2827,R2827,3063,170,13
2828,R2828,3118,235,4
2829,R2829,2893,348,9
2830,R2830,2288,316,14
2831,R2831,2785,59,6
2832,R2832,2670,75,7
2833,R2833,3305,169,20
2834,R2834,3068,12,8
2835,R2835,2792,142,17
2836,R2836,2972,41,10
2837,R2837,3134,128,8
2838,R2838,2527,89,22
2839,R2839,2588,204,27
2840,R2840,3155,284,17
2841,R2841,3269,270,6
2842,R2842,2798,45,14
2843,R2843,2551,287,14
2844,R2844,2606,85,15
2845,R2845,2316,295,30
2846,R2846,2913,210,26
2847,R2847,2883,94,13
2848,R2848,3082,53,5
2849,R2849,2847,56,5
2850,R2850,2308,230,22
2851,R2851,2999,272,12
2852,R2852,2469,122,18
2853,R2853,3168,62,7
2854,R2854,2570,41,11
2855,R2855,3211,17,13
2856,R2856,2752,135,6
2857,R2857,3266,265,10
2858,R2858,2754,286,16
2859,R2859,2920,137,9
2860,R2860,2497,44,31
2861,R2861,2819,217,33
2862,R2862,2707,47,8
2863,R2863,3021,335,7
2864,R2864,3154,238,9
2865,R2865,3210,228,6
2866,R2866,2848,0,5
2867,R2867,3281,271,20
2868,R2868,2794,50,15
2869,R2869,3142,26,9
2870,R2870,1934,334,27
2871,R2871,2853,53,17
2872,R2872,3272,92,14
2873,R2873,2943,198,2
2874,R2874,2845,10,11
2875,R2875,3021,20,7
2876,R2876,3241,73,39
2877,R2877,2666,14,42
2878,R2878,2726,15,19
2879,R2879,3100,49,9
2880,R2880,3111,223,16
2881,R2881,3213,67,14
2882,R2882,2770,350,16
2883,R2883,3339,60,15
2884,R2884,2968,2,30
2885,R2885,2819,134,24
2886,R2886,3161,31,31
2887,R2887,3005,73,20
2888,R2888,3010,200,30
2889,R2889,2898,102,26
2890,R2890,2979,278,16
2891,R2891,3239,110,6
2892,R2892,3021,117,14
2893,R2893,3407,180,10
2894,R2894,2824,167,27
2895,R2895,2945,188,14
2896,R2896,2772,21,12
2897,R2897,2107,13,25
2898,R2898,3004,250,9
2899,R2899,3027,270,15
2900,R2900,3014,62,5
2901,R2901,2938,90,10
2902,R2902,2840,42,6
2903,R2903,2688,56,3
2904,R2904,3165,338,10
2905,R2905,2817,72,21
2906,R2906,3229,281,20
2907,R2907,2883,130,13
2908,R2908,2965,323,11
2909,R2909,3121,128,12
2910,R2910,2381,191,18
2911,R2911,2660,178,9
2912,R2912,2696,23,13
2913,R2913,3112,9,19
2914,R2914,2157,8,7
2915,R2915,3283,348,15
2916,R2916,3236,270,4
2917,R2917,2628,42,12
2918,R2918,3322,20,26
2919,R2919,3353,150,19
2920,R2920,2518,247,15
2921,R2921,3138,330,15
2922,R2922,3387,141,28
2923,R2923,2739,23,22
2924,R2924,2932,69,29
2925,R2925,2603,355,19
2926,R2926,2476,346,43
2927,R2927,2280,126,24
2928,R2928,3321,88,5
2929,R2929,2982,216,12
2930,R2930,2506,134,17
2931,R2931,2589,200,15
2932,R2932,3240,3,14
2933,R2933,3146,27,6
2934,R2934,3083,41,14
2935,R2935,3292,55,21
2936,R2936,3045,116,12
2937,R2937,2565,208,8
2938,R2938,2160,59,37
2939,R2939,3285,203,7
2940,R2940,3400,144,7
2941,R2941,2952,203,15
2942,R2942,2971,348,16
2943,R2943,3194,272,5
2944,R2944,2966,206,19
2945,R2945,2990,49,22
2946,R2946,3227,13,16
2947,R2947,2340,138,23
2948,R2948,2976,337,16
2949,R2949,3063,247,12
2950,R2950,2868,39,26
2951,R2951,2625,75,15
2952,R2952,2785,85,24
2953,R2953,2830,66,17
2954,R2954,2889,247,19
2955,R2955,3039,343,7
2956,R2956,2404,108,26
2957,R2957,2714,14,17
2958,R2958,2125,73,39
2959,R2959,2636,106,12
2960,R2960,2563,141,20
2961,R2961,2716,62,6
2962,R2962,2840,125,13
2963,R2963,3362,42,16
2964,R2964,2543,113,12
2965,R2965,3004,90,4
2966,R2966,2822,26,9
2967,R2967,3360,31,11
2968,R2968,2936,261,10
2969,R2969,3111,348,14
2970,R2970,2794,184,39
2971,R2971,2867,329,22
2972,R2972,3174,170,13
2973,R2973,3018,79,10
2974,R2974,3184,125,14
2975,R2975,3046,351,8
2976,R2976,3224,264,12
2977,R2977,2878,337,25
2978,R2978,2400,112,24
2979,R2979,2656,185,31
2980,R2980,2424,327,16
2981,R2981,2970,33,34
2982,R2982,2747,274,12
2983,R2983,3156,276,18
2984,R2984,3100,303,10
2985,R2985,2507,351,14
2986,R2986,2986,300,8
2987,R2987,2967,192,12
2988,R2988,2316,132,28
2989,R2989,2989,133,18
2990,R2990,2820,357,12
2991,R2991,3275,72,15
2992,R2992,3418,19,11
2993,R2993,3000,284,18
2994,R2994,2729,159,33
2995,R2995,2959,49,5
2996,R2996,3281,326,19
2997,R2997,2155,310,29
2998,R2998,2982,103,17
2999,R2999,3135,326,3
3000,R3000,2689,98,7
